# Host: 127.0.0.1  (Version 5.5.6-rc)
# Date: 2020-05-23 16:59:04
# Generator: MySQL-Front 6.1  (Build 1.26)


#
# Structure for table "attention"
#

DROP TABLE IF EXISTS `attention`;
CREATE TABLE `attention` (
  `id` int(11) NOT NULL AUTO_INCREMENT,
  `oneId` varchar(20) DEFAULT NULL,
  `twoId` varchar(20) DEFAULT NULL,
  PRIMARY KEY (`id`)
) ENGINE=InnoDB AUTO_INCREMENT=4 DEFAULT CHARSET=utf8;

#
# Data for table "attention"
#

INSERT INTO `attention` VALUES (2,'45_7939','1234'),(3,'45_7939','714_7939'),(4,'714_7939','3456'),(5,'714_7939','2345');

#
# Structure for table "comment_detail"
#

DROP TABLE IF EXISTS `comment_detail`;
CREATE TABLE `comment_detail` (
  `comment_id` varchar(30) NOT NULL,
  `note_id` varchar(20) NOT NULL,
  `comment_user_id` varchar(20) NOT NULL,
  `comment_content` varchar(200) DEFAULT NULL,
  `comment_time` varchar(30) DEFAULT NULL,
  PRIMARY KEY (`comment_id`)
) ENGINE=InnoDB DEFAULT CHARSET=utf8;

#
# Data for table "comment_detail"
#

INSERT INTO `comment_detail` VALUES ('20195604261515091234','04261515091234','45_7939','哦哦哦','2020/05/20'),('202042121622595745_7939','121622595745_7939','45_7939','哈哈哈','2020/05/20'),('225019121622595745_7939','121622595745_7939','45_7939','8⊙∀⊙！','2020/05/22'),('232802191211234','191211234','714_7939','ヾ(@^▽^@)ノ','2020/05/23'),('29001704261515091234','04261515091234','45_7939','反反复复','2020/04/29'),('290238042522303745_7939','042522303745_7939','2345','不不不不不你','2020/04/29'),('290422042522303745_7939','042522303745_7939','714_7939','哈哈哈红红火火恍恍惚惚哈哈哈哈','2020/04/29'),('29055004261515091234','04261515091234','45_7939','哈哈哈','2020/04/29'),('29063304261515091234','04261515091234','2345','哈哈哈','2020/04/29'),('290828042522303745_7939','042522303745_7939','1234','滚滚滚','2020/04/29'),('290917042522303745_7939','042522303745_7939','1234','哈哈哈','2020/04/29'),('29113004261515091234','04261515091234','45_7939','哼哼唧唧','2020/04/29'),('29131304261515091234','04261515091234','2345','哈哈哈哈','2020/04/29'),('29140704261515091234','04261515091234','45_7939','哈哈哈','2020/04/29'),('2914570411141207714_7939','0411141207714_7939','45_7939','仅仅仅仅你','2020/04/29'),('292733042522303745_7939','042522303745_7939','3456','短短的','2020/04/29'),('29522604261515091234','04261515091234','45_7939','杨花落尽子规啼','2020/04/29'),('295434041709084045_7939','041709084045_7939','1234','哈哈哈红红火火恍恍惚惚哈哈哈哈','2020/04/29'),('29544704261515091234','04261515091234','2345','哈哈哈','2020/04/29'),('295630191211123','191211123','3456','哈哈哈','2020/04/29'),('2957060411141207714_7939','0411141207714_7939','45_7939','仅仅仅仅','2020/04/29');

#
# Structure for table "jpush_cache_msg"
#

DROP TABLE IF EXISTS `jpush_cache_msg`;
CREATE TABLE `jpush_cache_msg` (
  `jpush_id` int(11) NOT NULL AUTO_INCREMENT,
  `receive_id` varchar(20) DEFAULT NULL,
  `send_user_name` varchar(20) DEFAULT NULL,
  `jpush_extras` varchar(255) DEFAULT NULL,
  `jpush_flag` char(1) DEFAULT NULL COMMENT '动态回复D，评论回复C',
  PRIMARY KEY (`jpush_id`)
) ENGINE=InnoDB AUTO_INCREMENT=7 DEFAULT CHARSET=utf8;

#
# Data for table "jpush_cache_msg"
#

INSERT INTO `jpush_cache_msg` VALUES (2,'3456','天若微凉',NULL,'C'),(3,'1234','IM',NULL,'C'),(5,'1234','IM',NULL,'C'),(6,'1234','天若微凉',NULL,'D'),(8,'2345','常青树',NULL,'D');

#
# Structure for table "mail_msg"
#

DROP TABLE IF EXISTS `mail_msg`;
CREATE TABLE `mail_msg` (
  `mail_id` int(11) NOT NULL AUTO_INCREMENT,
  `acceptTime` varchar(20) DEFAULT NULL,
  `comment_content` varchar(200) DEFAULT NULL,
  `otherName` varchar(20) DEFAULT NULL,
  `userId` varchar(20) DEFAULT NULL,
  PRIMARY KEY (`mail_id`)
) ENGINE=InnoDB DEFAULT CHARSET=utf8;

#
# Data for table "mail_msg"
#


#
# Structure for table "mail_mycomment_detail"
#

DROP TABLE IF EXISTS `mail_mycomment_detail`;
CREATE TABLE `mail_mycomment_detail` (
  `mycomment_id` int(11) NOT NULL AUTO_INCREMENT,
  `user_id` varchar(20) DEFAULT NULL,
  `comment_id` varchar(30) DEFAULT NULL,
  `reply_id` varchar(30) DEFAULT NULL,
  `cr_flag` char(1) DEFAULT NULL COMMENT '描述是评论还是回复，评论为C，回复为R',
  `read_flag` int(1) DEFAULT '0' COMMENT '标记消息是否已读，0为未读，1为已读',
  PRIMARY KEY (`mycomment_id`)
) ENGINE=InnoDB AUTO_INCREMENT=157 DEFAULT CHARSET=utf8;

#
# Data for table "mail_mycomment_detail"
#

INSERT INTO `mail_mycomment_detail` VALUES (118,'1234','29522604261515091234',NULL,'C',0),(119,'45_7939','295434041709084045_7939',NULL,'C',0),(120,'714_7939','2957060411141207714_7939',NULL,'C',0),(121,'1234','29001704261515091234',NULL,'C',0),(122,'1234','29063304261515091234',NULL,'C',1),(123,'2345',NULL,'2908101234','R',0),(124,'1234','29131304261515091234',NULL,'C',1),(125,'1234','29140704261515091234',NULL,'C',1),(126,'2345',NULL,'29143545_7939','R',0),(127,'2345',NULL,'2919271234','R',1),(128,'45_7939','292733042522303745_7939',NULL,'C',0),(129,'2345',NULL,'2928593456','R',1),(130,'3456',NULL,'2931032345','R',0),(131,'3456',NULL,'2931292345','R',0),(132,'3456',NULL,'2939342345','R',1),(133,'3456',NULL,'2941422345','R',1),(134,'2345',NULL,'2944353456','R',0),(135,'2345',NULL,'2948033456','R',0),(136,'2345',NULL,'2948043456','R',0),(137,'2345',NULL,'2952133456','R',0),(138,'2345',NULL,'2953223456','R',1),(139,'1234','29544704261515091234',NULL,'C',0),(140,'1234','295630191211123',NULL,'C',1),(141,'2345',NULL,'2957391234','R',1),(142,'45_7939','290238042522303745_7939',NULL,'C',1),(143,'45_7939','290422042522303745_7939',NULL,'C',0),(144,'1234','29055004261515091234',NULL,'C',0),(145,'45_7939','290828042522303745_7939',NULL,'C',0),(146,'45_7939','290917042522303745_7939',NULL,'C',1),(147,'1234','29113004261515091234',NULL,'C',1),(148,'45_7939',NULL,'2913161234','R',1),(149,'714_7939','2914570411141207714_7939',NULL,'C',1),(150,'1234',NULL,'15110945_7939','R',1),(151,'3456',NULL,'16053545_7939','R',0),(152,'45_7939',NULL,'1612551234','R',1),(153,'1234',NULL,'204225365_7939','R',0),(154,'45_7939',NULL,'204302365_7939','R',1),(155,'1234',NULL,'204334365_7939','R',0),(156,'1234','20195604261515091234',NULL,'C',0),(157,'45_7939',NULL,'230038714_7939','R',0),(158,'2345','232802191211234',NULL,'C',0),(159,'45_7939',NULL,'232823714_7939','R',0);

#
# Structure for table "moji_scene"
#

DROP TABLE IF EXISTS `moji_scene`;
CREATE TABLE `moji_scene` (
  `scene_id` int(10) NOT NULL AUTO_INCREMENT,
  `scene_place` varchar(20) CHARACTER SET utf8 DEFAULT 'null',
  `scene_content` varchar(500) CHARACTER SET utf8 DEFAULT 'null',
  `scene_time` varchar(20) CHARACTER SET utf8 DEFAULT NULL,
  `scene_path` varchar(255) CHARACTER SET utf8 DEFAULT '0',
  `scene_like` int(11) DEFAULT '0',
  PRIMARY KEY (`scene_id`)
) ENGINE=InnoDB AUTO_INCREMENT=41 DEFAULT CHARSET=latin1;

#
# Data for table "moji_scene"
#

INSERT INTO `moji_scene` VALUES (1,'河北师范大学','善良是挂在心底的一轮澄澈的明月，它照亮的，是一个人精神的天空。一个一辈子行善的人，心底的月亮，已经超越了个人，升起在尘世寥廓的江天之上。它洞照的，是这个世界所有人的良心，以及灵魂的纯度。','2019/12/15','scene/timg7.jpg',3),(2,'河北师范大学','人无论再怎么被爱，都会挂念那些没有得到的爱。影响一个人的，不是到手的东西，而是求之不得的东西。','2019/12/15','scene/timg1.jpg',0),(3,'河北师范大学','当我们看世界的时候，总是以为自己站在宇宙的中心，认为所观察的一切如此全面而正确，却忘记了，最大的盲点，其实就是站在中心的自己。','2019/12/15','scene/timg2.jpg',1),(4,'河北师范大学','做人最糟糕的有两点。第一是不信守承诺，答应别人的事，用一句我也没办法就搪塞了。第二是小有成就就飘飘然。前者害朋友，后者害自己。所以前者不可信，后者不可交。','2019/12/15','scene/timg3.jpg',0),(5,'河北师范大学','人生不过是午后到黄昏的距离，茶凉言尽，月上柳梢。','2019/12/15','scene/timg4.jpg',0),(6,'河北师范大学','深山的鹿，不知归处；万般皆苦，只可自渡。','2019/12/15','scene/timg5.jpg',0),(7,'河北师范大学','天气越来越冷，愿你对生活依然热情；世界偶尔薄情，愿你一如既往深情。心有阳光，把生活过成诗，找到温暖自己的方式。','2019/12/15','scene/timg6.jpg',0),(8,'河北师范大学','希望每个整装待发的重新开始，都在这年少的岁月里为时不晚。','2019/12/15','scene/timg8.jpg',0);

#
# Structure for table "note_detail"
#

DROP TABLE IF EXISTS `note_detail`;
CREATE TABLE `note_detail` (
  `note_id` varchar(20) NOT NULL,
  `user_id` varchar(20) NOT NULL,
  `title` varchar(20) DEFAULT NULL,
  `content` varchar(400) DEFAULT NULL,
  `latitude` double DEFAULT NULL,
  `longitude` double DEFAULT NULL,
  `location` varchar(30) DEFAULT NULL,
  `time` varchar(30) DEFAULT NULL,
  `self` int(11) DEFAULT NULL,
  `note_like` int(11) DEFAULT '0',
  PRIMARY KEY (`note_id`)
) ENGINE=InnoDB DEFAULT CHARSET=utf8;

#
# Data for table "note_detail"
#

INSERT INTO `note_detail` VALUES ('041022213045_7939','45_7939','大三实训下','测试测试二',38.023486,114.794536,'河北省·石家庄市·藁城市','2020-04-10 22:21:30',0,0),('041113201145_7939','45_7939','大三实训下','测试测试三',38.020689,114.791466,'河北省·石家庄市·藁城市','2020-04-11 13:20:11',0,0),('0411141207714_7939','714_7939','大三下','测试的还行',38.020895,114.791354,'河北省·石家庄市·藁城市','2020-04-11 14:12:07',0,0),('041709084045_7939','45_7939','哈哈','test',38.020689,114.791466,'石家庄市.表灵村','2020-04-17 09:08:40',0,0),('042522303745_7939','45_7939','‼(•\'╻\'• )꒳ᵒ꒳ᵎᵎᵎ','世间的渐行渐远，不过是心灰意冷\n有的人突然疏远你，并非突然的决定。\n人心是慢慢变冷，树叶是渐渐变黄，故事是缓缓写到结局\n人和人之间，没有戛然而止的关系。',38.020689,114.791466,'河北省·石家庄市·藁城市','2020-04-25 22:30:37',0,0),('04261515091234','1234','大三下通知测试','古道西风瘦马',38.020404,114.791619,'河北省·石家庄市·藁城市','2020-04-26 15:15:09',0,0),('0520103117365_7939','365_7939','测试','测试',38.020672,114.791488,'河北省·石家庄市·藁城市','2020-05-20 10:31:17',0,0),('121622231445_7939','45_7939','随笔','    大学里，遇见的人多了，看到得事也多了，所以，自己的想法也多了。大学是社会的缩影，反应着这个真实的世界，让我们更好的生存在这个社会。在这里我们会遇到许多的人和事，我们也会在这里潜移默化的改变自己。这是一个必须要经历了的过程，当然我们也可以坚持着自己的理念，不改变、不为外物所动。但现实和我们的想法总是背道而驰的，什么事情都是事与愿违。要我们坚持自己观念不改变是一件很困难的事情，因为我们生活在大学这个群落里，身边的人总是会再不经意间改变着我们的观念。但我们不必害怕，也许这不会是一件坏事呢？它可以让自己的观念跟上时代发展的脚步，为时代的发展做出贡献。任何事情都有它的两面性，我们看到好的一面，也要看到坏的一面。',38.003104,114.524332,'石家庄市.蓝湾家园','2019-12-16 22:23:14',0,0),('121622595745_7939','45_7939','随笔','    大一已经过去3个月的时间。早在开学，老师就说过，大学与中学相比会增加更多考验、提升能力的机会，而不单单是学习。\n\n    我回头看看，三个月来，虽有迷茫但所幸这样的日子不多――因为开学前，关心我的老师就说过“多看看书，书里有很多问题答案和睿智的话”――而我也确实这样做了，在心情刚刚跌到冰点的时候，我去图书馆看励志故事、跟南开大学毕业的叔叔沟通交流，而正因如此，我慢慢地走出了17岁大一生活的阴雨天。',37.997631,114.514009,'石家庄市·河北师范大学-启智园','2019-12-16 22:59:57',0,1),('191211123','1234','抱犊寨一日游','    趁着天清气朗，寻思着到石家庄郊外游览一番，通过高徳地图查看周边景点，显示抱犊寨排在热门景点第一位，又只有不到20公里路程，相比不是很远，就决定去看看。\r\n\r\n    2016年9月12日早上7点左右从太行国宾馆坐325路公交车到横山转320路，花了一个来小时到达抱犊寨，山下售票窗口还未开，因此跟着人群沿着石级往上爬。\r\n\r\n    上山的路坡度较大，相比较陡，加之沿途树阴不多，太阳直晒下，没爬几步就大汗淋漓。因为比较早，上山人还不多，不过已有下山的了，真的是“莫道君行早，更有早行人。”啦。北方的山没有南方那么葱翠秀丽，但较多裸露的岩石也彰显出几分雄壮。沿着石梯爬到顶上才知当前所爬的山应该是莲花山，对面那座山顶较平、四面峭壁才是抱犊寨所在。看着长长的蜿蜒向上的山道，看来又要出一身汗了。原以为沿途红顶房子建造精致，到跟前才知只是摆摊卖东西的简陋棚子而已，几根柱子支撑，感觉不结实也不抗风',38.094246,114.283595,'石家庄市·抱犊寨','2019-12-11 19:38:18',0,0),('191211234','2345','小故事','         有个小村庄里有位中年邮差，他从刚满二十岁起便开始每天往返五十公里的路程，日复一日将忧欢悲喜的故事，送到居民的家中。就这样二十年一晃而过，人事物几番变迁，唯独从邮局到村庄的这条道路，从过去到现在，始终没有一枝半叶，触目所及，唯有飞扬的尘土罢了。“这样荒凉的路还要走多久呢？”他一想到必须在这无花无树充满尘土的路上，踩着脚踏车度过他的人生时，心中总是有些遗憾。有一天当他送完信，心事重重准备回去时，刚好经过了一家花店。“对了，就是这个！”\r\n　　他走进花店，买了一把野花的种子，并且从第二天开始，带着这些种子撒在往来的路上。\r\n　　就这样，经过一天，两天，一个月，两个月……，他始终持续散播着野花种子。\r\n　　没多久，那条已经来回走了二十年的荒凉道路，竟开起了许多红、黄各色的小花；夏天开夏天的花，秋天开秋天的花，四季盛开，永不停歇。\r\n　　种子和花香对村庄里的人来说，比有个小村庄里有',37.982107,114.528177,'石家庄市·河北科技大学-图书馆','2019-12-10 10:06:29',0,1),('191211456','3456','随笔','    立在窗前，点了支烟，目光沿着窗外的车水马龙，花草树木。回想着旧日的时光，感悟过往，叹惋岁月匆忙，那些被琐事浸染的日子。生命中有许多东西，往往出现在意料之外，而又在意料之中，然后兀自远去，我徒生些许伤感。',38.001909,114.525969,'石家庄市·河北师范大学-公教楼B座','2019-09-10 10:06:29',0,2),('191211567','4567','随笔','    随着年龄都增长，渐渐对自己的生日没有那么大感触了。不像小时候，很执着于谁给了自己祝福，甚至还会在意谁先给自己祝福。仿佛越快给你生日祝福的人，就表示越在乎你。\r\n\r\n　　为什么会开始不那么在意了呢？容我想想。也许是明白了，每个人都有自己的生活，每个人也有不一样表达爱与关怀的方式。不要用自以为是的标准，来衡量其他人的爱。',38.051885,114.541119,'石家庄市·河北医科大','2019-10-23 10:06:29',0,0),('191212123','5678','随笔','    每个人生活在这个世界上，都有他特定的角色，这个角色在人生的每个阶段都是不一样的，角色决定了阶段所承担的责任和义务。每个人都想活的潇潇洒洒，每个人都顺心而为，每个人都想自己能主宰一切，但生活往往反其道行，可能这就是每个人生活在这个地球上的价值所在吧。',38.089425,114.515029,'石家庄市·石家庄铁道大学','2019-12-10 10:06:29',0,2);

#
# Structure for table "note_img"
#

DROP TABLE IF EXISTS `note_img`;
CREATE TABLE `note_img` (
  `img_id` varchar(20) NOT NULL DEFAULT '0',
  `path` varchar(100) DEFAULT NULL,
  `noteId` varchar(20) DEFAULT NULL,
  PRIMARY KEY (`img_id`)
) ENGINE=InnoDB DEFAULT CHARSET=utf8;

#
# Data for table "note_img"
#

INSERT INTO `note_img` VALUES ('041021204345_79391','image/pic6.jpg','041021204345_7939'),('041021204345_79392','image/pic1.jpg','041021204345_7939'),('041022213045_79391','image/pic7.jpg','041022213045_7939'),('041113201145_79391','image/pic8.jpg','041113201145_7939'),('0411141207714_79391','image/pic6.jpg','0411141207714_7939'),('0411141207714_79392','image/img3.jpg','0411141207714_7939'),('041709084045_79391','image/img3.jpg','041709084045_7939'),('042522303745_79391','image/img5.jpg','042522303745_7939'),('042615150912341','image/img4.jpg','04261515091234'),('042615150912342','image/img3.jpg','04261515091234'),('0520103117365_79391','image/img3.jpg','0520103117365_7939'),('121517090645_79390','image/pic6.jpg','121517090645_7939'),('121518080245_79390','image/pic1.jpg','121518080245_7939'),('121619120245_79390','image/pic6.jpg','121619120245_7939'),('121622231445_79390','image/pic6.jpg','121622231445_7939'),('121622595745_79390','image/img3.jpg','121622595745_7939'),('121622595745_79391','image/img4.jpg','121622595745_7939'),('1912102344','image/7.jpg','191211456'),('1912108900','image/6.jpg','191211456'),('1912111230','image/b1.jpg','191211123'),('1912111231','image/b4.jpg','191211123'),('1912111344','image/b3.jpg','191211123'),('1912111823','image/b2.jpg','191211123'),('1912123454','image/2.jpg','191212123'),('1912127890','image/3.jpg','191212123'),('1912128921','image/4.jpg','191212123'),('19121510180012340','image/pic1.jpg','1912151018001234');

#
# Structure for table "reply_comment_detail"
#

DROP TABLE IF EXISTS `reply_comment_detail`;
CREATE TABLE `reply_comment_detail` (
  `reply_id` varchar(30) NOT NULL DEFAULT '',
  `comment_id` varchar(30) DEFAULT NULL,
  `reply_user_id` varchar(20) DEFAULT NULL,
  `reply_content` varchar(255) DEFAULT NULL,
  `reply_time` varchar(30) DEFAULT NULL,
  `parent_id` varchar(30) DEFAULT NULL,
  PRIMARY KEY (`reply_id`)
) ENGINE=InnoDB DEFAULT CHARSET=utf8;

#
# Data for table "reply_comment_detail"
#

INSERT INTO `reply_comment_detail` VALUES ('15110945_7939','290917042522303745_7939','45_7939','嘎嘎嘎嘎嘎','2020/05/15',NULL),('15560545_7939','29001704261515091234','45_7939','滚滚滚','2020/05/15',NULL),('16053545_7939','295630191211123','45_7939','晚晚晚晚','2020/05/16',NULL),('1612551234','29522604261515091234','1234','໒(⊙ᴗ⊙)७✎▤','2020/05/16',NULL),('204225365_7939','290917042522303745_7939','365_7939','8哦哦','2020/05/20',NULL),('204302365_7939','290917042522303745_7939','365_7939','哈哈哈','2020/05/20','15110945_7939'),('204334365_7939','290917042522303745_7939','365_7939','呵呵呵','2020/05/20',NULL),('230038714_7939','295630191211123','714_7939','( \'-ωก̀ )揉眼睛','2020/05/23','16053545_7939'),('232823714_7939','2914570411141207714_7939','714_7939','hhhhh','2020/05/23',NULL),('2908101234','29063304261515091234','1234','呃呃呃呃呃呃','2020/04/29',NULL),('2912142345','29063304261515091234','2345','哼哼唧唧','2020/04/29',NULL),('2912482345','29063304261515091234','2345',' 不不不不不你','2020/04/29',NULL),('2913161234','29113004261515091234','1234','哈哈哈红红火火恍恍惚惚哈哈哈哈','2020/04/29',NULL),('29143545_7939','29063304261515091234','45_7939','哈哈哈回家','2020/04/29',NULL),('2919271234','29131304261515091234','1234','哈哈哈红红火火恍恍惚惚哈哈哈哈','2020/04/29',NULL),('2928593456','29063304261515091234','3456','短短的广告','2020/04/29',NULL),('2931032345','29063304261515091234','2345','哈哈哈','2020/04/29','2928593456'),('2931292345','29063304261515091234','2345','共和国','2020/04/29','2928593456'),('2939342345','29063304261515091234','2345','反反复复','2020/04/29','2928593456'),('2941422345','29063304261515091234','2345','刚刚方法','2020/04/29','2928593456'),('2944353456','29063304261515091234','3456','g广告广告个','2020/04/29','2941422345'),('2948033456','29063304261515091234','3456','ff方法','2020/04/29','2941422345'),('2948043456','29063304261515091234','3456','ff方法','2020/04/29','2941422345'),('2952133456','29063304261515091234','3456','g广告个','2020/04/29','2941422345'),('2953223456','29063304261515091234','3456','g广告广告','2020/04/29','2939342345'),('2957391234','29131304261515091234','1234','哈哈几节课','2020/04/29',NULL);

#
# Structure for table "user_detail"
#

DROP TABLE IF EXISTS `user_detail`;
CREATE TABLE `user_detail` (
  `user_id` varchar(20) NOT NULL DEFAULT '',
  `avatar_path` varchar(50) DEFAULT 'avatar/default_head.png',
  `user_name` varchar(20) DEFAULT NULL,
  `sex` varchar(10) DEFAULT 'boy',
  `signature` varchar(300) DEFAULT NULL,
  `occupation` varchar(10) DEFAULT NULL,
  `password` varchar(10) DEFAULT NULL,
  `phone` varchar(11) DEFAULT NULL,
  PRIMARY KEY (`user_id`)
) ENGINE=InnoDB DEFAULT CHARSET=utf8;

#
# Data for table "user_detail"
#

INSERT INTO `user_detail` VALUES ('1234','avatar/head3.jpg','行百里者半九十','boy','世界上最遥远的距离不是生和死的距离，而是我刚联机的那一秒，你却脱机了。','学生','111111','15133170000'),('2345','avatar/head2.jpg','向着太阳迎着光','girl','每天把牢骚拿出来晒晒太阳，心情就不会缺钙。','学生','222222','13444670000'),('3456','avatar/head4.jpg','TheCoolDay','boy','生活就像海洋，只有意志坚强的人，才能到达彼岸','学生','333333','15055670000'),('365_7939','avatar/default_head.png','IM','boy','啦啦啦','教师','123456','13483180957'),('4567','avatar/head1.jpg','奋斗べ青年00','girl','始终相信，平时日子里做过的小小的善良的事，会一点一点积攒，然后在某一个不太明朗的时候，还给我一个大大的温柔。','学生','444444','15244460000'),('45_7939','avatar/pic1.jpg','天若微凉','girl','神','学生','123456','15175187939'),('5678','avatar/head5.jpg','一苇以航','boy','要好好努力了','学生','555555','15822240000'),('714_7939','avatar/head5.jpg','常青树','boy','生命常青','教师','123456','15030163983');

#
# Structure for table "user_like"
#

DROP TABLE IF EXISTS `user_like`;
CREATE TABLE `user_like` (
  `like_id` varchar(20) NOT NULL DEFAULT '',
  `user_id` varchar(20) DEFAULT NULL,
  `note_id` varchar(20) DEFAULT NULL,
  `video_id` varchar(50) DEFAULT NULL,
  PRIMARY KEY (`like_id`)
) ENGINE=InnoDB DEFAULT CHARSET=utf8;

#
# Data for table "user_like"
#

INSERT INTO `user_like` VALUES ('110628__7939','714_7939','191211234',NULL),('157201_7939','45_7939',NULL,'85826545_7939'),('284802__7939','714_7939','191212123',NULL),('294423_7939','45_7939','191211456',NULL),('405019__7939','714_7939','191211123',NULL),('519721_7939','45_7939','121622595745_7939',NULL),('647516__7939','714_7939','191211456',NULL),('722498_7939','45_7939','191212123',NULL),('748408_7939','45_7939','121622231445_7939',NULL),('873208__7939','714_7939',NULL,'83979245_7939');

#
# Structure for table "video_detail"
#

DROP TABLE IF EXISTS `video_detail`;
CREATE TABLE `video_detail` (
  `video_id` varchar(50) NOT NULL DEFAULT '',
  `video_title` varchar(255) DEFAULT NULL,
  `video_content` varchar(255) DEFAULT NULL,
  `video_path` varchar(255) DEFAULT NULL,
  `video_duration` varchar(255) DEFAULT NULL,
  `video_size` varchar(255) DEFAULT NULL,
  `video_upload_time` varchar(255) DEFAULT NULL,
  `video_tag` varchar(255) DEFAULT NULL,
  `video_like` int(11) DEFAULT '0',
  `user_id` varchar(255) DEFAULT NULL,
  PRIMARY KEY (`video_id`)
) ENGINE=InnoDB DEFAULT CHARSET=utf8;

#
# Data for table "video_detail"
#

INSERT INTO `video_detail` VALUES ('83979245_7939','标题','内容','video/test-video.mp4','00:00:05','.03MB','2020-04-29 08:37:18','美食',343,'45_7939'),('85826545_7939','test-upload','更改','video/test-upload.mp4','00:00:14','8.46MB','2020-05-16 11:53:54','请选择标签',790888,'45_7939');
