# Host: localhost  (Version 5.7.19)
# Date: 2020-04-24 14:06:29
# Generator: MySQL-Front 6.1  (Build 1.26)


#
# Structure for table "comment_detail"
#

CREATE TABLE `comment_detail` (
  `comment_id` varchar(30) NOT NULL,
  `note_id` varchar(20) NOT NULL,
  `comment_user_id` varchar(20) NOT NULL,
  `comment_content` varchar(200) DEFAULT NULL,
  `comment_time` varchar(30) DEFAULT NULL,
  PRIMARY KEY (`comment_id`)
) ENGINE=MyISAM DEFAULT CHARSET=utf8;

#
# Data for table "comment_detail"
#

INSERT INTO `comment_detail` VALUES ('161714121518080245_7939','121518080245_7939','45_7939','哈哈哈红红火火恍恍惚惚哈哈哈哈','2019/12/16'),('161936121518080245_7939','121518080245_7939','45_7939','啊啊啊啊啊啊~啊啊啊啊啊啊啊啊啊啊啊','2019/12/16'),('163913121518080245_7939','121518080245_7939','45_7939','反反复复','2019/12/16'),('164046121518080245_7939','121518080245_7939','1234','啦啦啦啦啦','2019/12/16'),('170053191211234','191211234','45_7939','把平淡的生活过得独一无二是一种智慧。赠人玫瑰，手有余香~~~','2019/12/17'),('170707191212123','191212123','45_7939','做好自己的角色','2019/12/17'),('170917121622595745_7939','121622595745_7939','1234','加油＾０＾~','2019/12/17'),('171801121622231445_7939','121622231445_7939','2345','改变自己，有时候是为了增加自身的社会属性，更好地去适应社会的发展','2019/12/17'),('174446121622595745_7939','121622595745_7939','2345','要好好努力呦~~','2019/12/17'),('174651191211567','191211567','45_7939','嗯嗯呐','2019/12/17'),('174841191211567','191211567','4567','不不不','2019/12/17'),('175041191211567','191211567','4567','你扭扭捏捏你','2019/12/17'),('175135191211567','191211567','1234','哦哦哦','2019/12/17'),('175222121622231445_7939','121622231445_7939','1234','嗯呢呢','2019/12/17'),('175702191211234','191211234','1234','生活依旧，开心就好（\"-\"）','2019/12/17'),('180044191211456','191211456','155_2082','哈哈哈哦','2019/12/18'),('180100121622595745_7939','121622595745_7939','140_2170','加油','2019/12/18'),('1801331218154849155_2082','1218154849155_2082','155_2082','咳咳','2019/12/18'),('180141121622231445_7939','121622231445_7939','140_2170','哈哈哈','2019/12/18'),('1801531218154849155_2082','1218154849155_2082','155_2082','看见你','2019/12/18'),('1802581218154849155_2082','1218154849155_2082','140_2170','真丑','2019/12/18'),('1803371218160006140_2170','1218160006140_2170','155_2082','粑粑成','2019/12/18'),('1804581218154849155_2082','1218154849155_2082','140_2170','','2019/12/18'),('1805131218154849155_2082','1218154849155_2082','140_2170','粑粑波','2019/12/18'),('1806291218154849155_2082','1218154849155_2082','140_2170','','2019/12/18'),('1806301218154849155_2082','1218154849155_2082','140_2170','','2019/12/18'),('1806331218154849155_2082','1218154849155_2082','140_2170','','2019/12/18'),('1806341218154849155_2082','1218154849155_2082','140_2170','','2019/12/18'),('181423121622231445_7939','121622231445_7939','155_2082','噢噢噢哦哦','2019/12/18'),('1815261218154849155_2082','1218154849155_2082','45_7939','哦哦哦哦','2019/12/18'),('182126191211234','191211234','45_7939','哦可哦可','2019/12/18'),('182301121622595745_7939','121622595745_7939','2345','呃呃呃','2019/12/18'),('182323121622595745_7939','121622595745_7939','2345','收的到','2019/12/18'),('1825141218160540140_2170','1218160540140_2170','155_2082','56路','2019/12/18'),('184720191211456','191211456','155_2082','哈哈哈','2019/12/18'),('184737191211456','191211456','155_2082','哈哈哈哈','2019/12/18'),('185240121622231445_7939','121622231445_7939','1234','呀呀呀呀呀呀','2019/12/18'),('1852531218154849155_2082','1218154849155_2082','45_7939','啊啊啊','2019/12/18'),('185337191211234','191211234','45_7939','啊啊啊啊','2019/12/18'),('185525121622595745_7939','121622595745_7939','45_7939','哦哦','2019/12/18'),('185632191211456','191211456','155_2082','呸','2019/12/18'),('185902121622595745_7939','121622595745_7939','45_7939','仅仅仅仅','2019/12/18'),('1907021219080534155_2082','1219080534155_2082','45_7939','嗯嗯','2019/12/19'),('1937391219080534155_2082','1219080534155_2082','45_7939','额额','2019/12/19'),('1958591219080534155_2082','1219080534155_2082','45_7939','呃呃呃呃呃呃','2019/12/19');

#
# Structure for table "mail_msg"
#

CREATE TABLE `mail_msg` (
  `mail_id` int(11) NOT NULL AUTO_INCREMENT,
  `acceptTime` varchar(20) DEFAULT NULL,
  `comment_content` varchar(200) DEFAULT NULL,
  `otherName` varchar(20) DEFAULT NULL,
  `userId` varchar(20) DEFAULT NULL,
  PRIMARY KEY (`mail_id`)
) ENGINE=MyISAM AUTO_INCREMENT=44 DEFAULT CHARSET=utf8;

#
# Data for table "mail_msg"
#

INSERT INTO `mail_msg` VALUES (7,'2019/12/16','啥','晚晚晚晚','45_7939'),(8,'2019/12/17','???','行百里者半九十','45_7939'),(9,'2019/12/17','','天若微凉','45_7939'),(10,'2019/12/17','还回家','天若微凉','45_7939'),(11,'2019/12/17','哈哈哈','677_9781','45_7939'),(12,'2019/12/17','嗯呢呢','行百里者半九十','45_7939'),(13,'2019/12/17','生活依旧，开心就好（\"-\"）','行百里者半九十','2345'),(14,'2019/12/17','把平淡的生活过得独一无二是一种智慧。赠人玫瑰，手有余香~~~','天若微凉','2345'),(15,'2019/12/17','加油＾０＾~','行百里者半九十','45_7939'),(16,'2019/12/17','改变自己，有时候是为了增加自身的社会属性，更好地去适应社会的发展','向着太阳迎着光','45_7939'),(17,'2019/12/17','要好好努力呦~~','向着太阳迎着光','45_7939'),(18,'2019/12/18','呀呀呀呀呀呀','行百里者半九十','45_7939'),(19,'2019/12/18','啊啊啊啊','天若微凉','2345'),(20,'2019/12/18','哦哦','天若微凉','45_7939'),(21,'2019/12/18','仅仅仅仅','天若微凉','45_7939'),(22,'2019/12/18','哦可哦可','天若微凉','2345'),(23,'2019/12/18','哈哈哈','李春波','3456'),(24,'2019/12/18','哈哈哈哈','李春波','3456'),(25,'2019/12/18','啊啊啊','天若微凉','155_2082'),(26,'2019/12/18','呸','李春波','3456'),(27,'2019/12/18','哈哈哈哦','李春波','3456'),(28,'2019/12/18','咳咳','李春波','155_2082'),(29,'2019/12/18','看见你','李春波','155_2082'),(30,'2019/12/18','真丑','王佳成','155_2082'),(31,'2019/12/18','粑粑成','李春波','140_2170'),(32,'2019/12/18','','王佳成','155_2082'),(33,'2019/12/18','粑粑波','王佳成','155_2082'),(34,'2019/12/18','','王佳成','155_2082'),(35,'2019/12/18','','王佳成','155_2082'),(36,'2019/12/18','','王佳成','155_2082'),(37,'2019/12/18','','王佳成','155_2082'),(39,'2019/12/18','哦哦哦哦','天若微凉','155_2082'),(40,'2019/12/18','56路','李春波','140_2170'),(41,'2019/12/19','嗯嗯','天若微凉','155_2082'),(42,'2019/12/19','额额','天若微凉','155_2082'),(43,'2019/12/19','呃呃呃呃呃呃','天若微凉','155_2082');

#
# Structure for table "moji_ana"
#

CREATE TABLE `moji_ana` (
  `id` int(10) NOT NULL AUTO_INCREMENT,
  `title` varchar(20) CHARACTER SET utf8 DEFAULT 'null',
  `content` varchar(500) CHARACTER SET utf8 DEFAULT 'null',
  `time` varchar(20) CHARACTER SET utf8 DEFAULT NULL,
  `place` varchar(20) CHARACTER SET utf8 DEFAULT 'null',
  `image` varchar(255) CHARACTER SET utf8 DEFAULT '0',
  PRIMARY KEY (`id`)
) ENGINE=MyISAM AUTO_INCREMENT=72 DEFAULT CHARSET=latin1;

#
# Data for table "moji_ana"
#

INSERT INTO `moji_ana` VALUES (5,'善良最能温暖世道','善良是挂在心底的一轮澄澈的明月，它照亮的，是一个人精神的天空。一个一辈子行善的人，心底的月亮，已经超越了个人，升起在尘世寥廓的江天之上。它洞照的，是这个世界所有人的良心，以及灵魂的纯度。','2019/12/15','河北师范大学','images/timg7.jpg'),(13,'心静则神凝','人无论再怎么被爱，都会挂念那些没有得到的爱。影响一个人的，不是到手的东西，而是求之不得的东西。','2019/12/15','河北师范大学','images/timg1.jpg'),(33,'当局者迷','当我们看世界的时候，总是以为自己站在宇宙的中心，认为所观察的一切如此全面而正确，却忘记了，最大的盲点，其实就是站在中心的自己。','2019/12/15','河北师范大学','images/timg2.jpg'),(34,'(⊙o⊙)…','做人最糟糕的有两点。第一是不信守承诺，答应别人的事，用一句我也没办法就搪塞了。第二是小有成就就飘飘然。前者害朋友，后者害自己。所以前者不可信，后者不可交。','2019/12/15','河北师范大学','images/timg3.jpg'),(35,'月上柳梢头，人约黄昏后','人生不过是午后到黄昏的距离，茶凉言尽，月上柳梢。','2019/12/15','河北师范大学','images/timg4.jpg'),(37,'渡人先渡己，渡己先渡心','深山的鹿，不知归处；万般皆苦，只可自渡。','2019/12/15','河北师范大学','images/timg5.jpg'),(38,'心有阳光，温暖如诗','天气越来越冷，愿你对生活依然热情；世界偶尔薄情，愿你一如既往深情。心有阳光，把生活过成诗，找到温暖自己的方式。','2019/12/15','河北师范大学','images/timg6.jpg'),(40,'一往无前','希望每个整装待发的重新开始，都在这年少的岁月里为时不晚。','2019/12/15','河北师范大学','images/timg8.jpg');

#
# Structure for table "note_detail"
#

CREATE TABLE `note_detail` (
  `note_id` varchar(20) NOT NULL,
  `user_id` varchar(20) NOT NULL,
  `title` varchar(20) DEFAULT NULL,
  `content` varchar(500) DEFAULT NULL,
  `latitude` double DEFAULT NULL,
  `longitude` double DEFAULT NULL,
  `location` varchar(30) DEFAULT NULL,
  `time` varchar(30) DEFAULT NULL,
  `self` int(11) DEFAULT NULL,
  PRIMARY KEY (`note_id`)
) ENGINE=MyISAM DEFAULT CHARSET=utf8;

#
# Data for table "note_detail"
#

INSERT INTO `note_detail` VALUES ('04161600001234','1234','咳咳','咳咳',38.416972,115.835183,'沧州市.肃宁县卫生局','2020-04-16 16:00:00',1),('04161600121234','1234','哈哈','了',38.416972,115.835183,'沧州市.肃宁县卫生局','2020-04-16 16:00:12',1),('121622231445_7939','45_7939','随笔','    大学里，遇见的人多了，看到得事也多了，所以，自己的想法也多了。大学是社会的缩影，反应着这个真实的世界，让我们更好的生存在这个社会。在这里我们会遇到许多的人和事，我们也会在这里潜移默化的改变自己。这是一个必须要经历了的过程，当然我们也可以坚持着自己的理念，不改变、不为外物所动。但现实和我们的想法总是背道而驰的，什么事情都是事与愿违。要我们坚持自己观念不改变是一件很困难的事情，因为我们生活在大学这个群落里，身边的人总是会再不经意间改变着我们的观念。但我们不必害怕，也许这不会是一件坏事呢？它可以让自己的观念跟上时代发展的脚步，为时代的发展做出贡献。任何事情都有它的两面性，我们看到好的一面，也要看到坏的一面。',38.003104,114.524332,'石家庄市.蓝湾家园','2019-09-16 00:00:02',0),('121622595745_7939','45_7939','随笔','    大一已经过去3个月的时间。早在开学，老师就说过，大学与中学相比会增加更多考验、提升能力的机会，而不单单是学习。\n\n    我回头看看，三个月来，虽有迷茫但所幸这样的日子不多――因为开学前，关心我的老师就说过“多看看书，书里有很多问题答案和睿智的话”――而我也确实这样做了，在心情刚刚跌到冰点的时候，我去图书馆看励志故事、跟南开大学毕业的叔叔沟通交流，而正因如此，我慢慢地走出了17岁大一生活的阴雨天。',37.997631,114.514009,'石家庄市·河北师范大学-启智园','2019-12-16 00:00:03',0),('1219080534155_2082','155_2082','天气','晚霞',37.997922,114.52267,'石家庄市.河北师范大学(新校区)','2019-12-16 00:00:04',0),('191211234','2345','小故事','         有个小村庄里有位中年邮差，他从刚满二十岁起便开始每天往返五十公里的路程，日复一日将忧欢悲喜的故事，送到居民的家中。就这样二十年一晃而过，人事物几番变迁，唯独从邮局到村庄的这条道路，从过去到现在，始终没有一枝半叶，触目所及，唯有飞扬的尘土罢了。“这样荒凉的路还要走多久呢？”他一想到必须在这无花无树充满尘土的路上，踩着脚踏车度过他的人生时，心中总是有些遗憾。有一天当他送完信，心事重重准备回去时，刚好经过了一家花店。“对了，就是这个！”\r\n　　他走进花店，买了一把野花的种子，并且从第二天开始，带着这些种子撒在往来的路上。\r\n　　就这样，经过一天，两天，一个月，两个月……，他始终持续散播着野花种子。\r\n　　没多久，那条已经来回走了二十年的荒凉道路，竟开起了许多红、黄各色的小花；夏天开夏天的花，秋天开秋天的花，四季盛开，永不停歇。\r\n　　种子和花香对村庄里的人来说，已然成为了一道亮丽的风景。',37.982107,114.528177,'石家庄市·河北科技大学-图书馆','2020-04-16 00:00:06',0),('191211456','2345','随笔','    立在窗前，点了支烟，目光沿着窗外的车水马龙，花草树木。回想着旧日的时光，感悟过往，叹惋岁月匆忙，那些被琐事浸染的日子。生命中有许多东西，往往出现在意料之外，而又在意料之中，然后兀自远去，我徒生些许伤感。',38.001909,114.525969,'石家庄市·河北师范大学-公教楼B座','2020-04-16 00:00:01',0),('191211567','2345','随笔','    随着年龄都增长，渐渐对自己的生日没有那么大感触了。不像小时候，很执着于谁给了自己祝福，甚至还会在意谁先给自己祝福。仿佛越快给你生日祝福的人，就表示越在乎你。\r\n\r\n　　为什么会开始不那么在意了呢？容我想想。也许是明白了，每个人都有自己的生活，每个人也有不一样表达爱与关怀的方式。不要用自以为是的标准，来衡量其他人的爱。',38.051885,114.541119,'石家庄市·河北医科大','2020-04-16 00:00:07',0),('191212123','5678','随笔','    每个人生活在这个世界上，都有他特定的角色，这个角色在人生的每个阶段都是不一样的，角色决定了阶段所承担的责任和义务。每个人都想活的潇潇洒洒，每个人都顺心而为，每个人都想自己能主宰一切，但生活往往反其道行，可能这就是每个人生活在这个地球上的价值所在吧。',38.089425,114.515029,'石家庄市·石家庄铁道大学','2020-04-16 00:00:08',0);

#
# Structure for table "note_img"
#

CREATE TABLE `note_img` (
  `img_id` varchar(20) NOT NULL DEFAULT '0',
  `path` varchar(100) DEFAULT NULL,
  `noteId` varchar(20) DEFAULT NULL,
  PRIMARY KEY (`img_id`)
) ENGINE=MyISAM DEFAULT CHARSET=utf8;

#
# Data for table "note_img"
#

INSERT INTO `note_img` VALUES ('041613175412341','image/IMG_20191213_004117.jpg','04161317541234'),('041613175412342','image/Screenshot_2019-07-22-19-07-54-83.png','04161317541234'),('041616000012341','image/Screenshot_2019-07-22-19-07-54-83.png','04161600001234'),('041616001212341','image/IMG_20191213_004117.jpg','04161600121234'),('121517090645_79390','image/pic6.jpg','121517090645_7939'),('121518080245_79390','image/pic1.jpg','121518080245_7939'),('121619120245_79390','image/pic6.jpg','121619120245_7939'),('121622231445_79390','image/pic6.jpg','121622231445_7939'),('121622595745_79390','image/img3.jpg','121622595745_7939'),('121622595745_79391','image/img4.jpg','121622595745_7939'),('1218160006140_21700','image/IMG_20191212_201923.jpg','1218160006140_2170'),('1218160006140_21701','image/IMG_20191212_202105.jpg','1218160006140_2170'),('1218160540140_21700','image/IMG_20191113_172740.jpg','1218160540140_2170'),('1912102344','image/7.jpg','191211456'),('1912108900','image/6.jpg','191211456'),('1912123454','image/2.jpg','191212123'),('1912127890','image/3.jpg','191212123'),('1912128921','image/4.jpg','191212123'),('19121510180012340','image/pic1.jpg','1912151018001234');

#
# Structure for table "reply_comment_detail"
#

CREATE TABLE `reply_comment_detail` (
  `reply_id` varchar(30) NOT NULL DEFAULT '',
  `comment_id` varchar(30) DEFAULT NULL,
  `reply_user_id` varchar(20) DEFAULT NULL,
  `reply_content` varchar(255) DEFAULT NULL,
  `reply_time` varchar(30) DEFAULT NULL,
  PRIMARY KEY (`reply_id`)
) ENGINE=InnoDB DEFAULT CHARSET=utf8;

#
# Data for table "reply_comment_detail"
#

INSERT INTO `reply_comment_detail` VALUES ('22031345_7939','220258041709084045_7939','45_7939','vgfff','2020/04/22');

#
# Structure for table "user_detail"
#

CREATE TABLE `user_detail` (
  `user_id` varchar(20) NOT NULL DEFAULT '',
  `avatar_path` varchar(50) DEFAULT 'avatar/default_head.png',
  `user_name` varchar(20) DEFAULT NULL,
  `sex` varchar(10) DEFAULT 'boy',
  `signature` varchar(300) DEFAULT NULL,
  `occupation` varchar(10) DEFAULT NULL,
  `password` varchar(12) DEFAULT NULL,
  `phone` varchar(11) DEFAULT NULL,
  PRIMARY KEY (`user_id`)
) ENGINE=MyISAM DEFAULT CHARSET=utf8;

#
# Data for table "user_detail"
#

INSERT INTO `user_detail` VALUES ('1234','avatar/mmexport1576338319398.jpg','行百里者半九十','boy','世界上最遥远的距离不是生和死的距离，而是我刚联机的那一秒，你却脱机了。','学生','111111','15133170000'),('140_2170','avatar/IMG_20191213_210202.jpg','王佳成','boy','','学生','123456','18849422170'),('155_2082','avatar/mmexport1576338319398.jpg','长安有雪','boy','哈哈哈哈','学生','111111','15230182082'),('2345','avatar/head2.jpg','向着太阳迎着光','girl','每天把牢骚拿出来晒晒太阳，心情就不会缺钙。','学生','222222','13444670000'),('3456','avatar/head4.jpg','TheCoolDay','boy','生活就像海洋，只有意志坚强的人，才能到达彼岸','学生','333333','15055670000'),('345_2551','avatar/default_head.png','345_2551','boy',NULL,NULL,'666666','15633112551'),('4567','avatar/head1.jpg','奋斗べ青年00','girl','始终相信，平时日子里做过的小小的善良的事，会一点一点积攒，然后在某一个不太明朗的时候，还给我一个大大的温柔。','学生','444444','15244460000'),('45_7939','avatar/IMG_20191217_162240.JPG','天若微凉','boy','一个人至少拥有一个梦想，有一个理由去坚强，心若没有栖息的地方，到哪里都是在流浪。','学生','123456','15175187939'),('5678','avatar/head5.jpg','一苇以航','boy','要好好努力了','学生','555555','15822240000'),('677_9781','avatar/1566560197770.JPG','Myrle','girl','','学生','123456','18731179781');

#
# Structure for table "video_detail"
#

CREATE TABLE `video_detail` (
  `video_id` varchar(50) NOT NULL DEFAULT '',
  `video_title` varchar(255) DEFAULT NULL,
  `video_content` varchar(255) DEFAULT NULL,
  `video_path` varchar(255) DEFAULT NULL,
  `video_duration` varchar(255) DEFAULT NULL,
  `video_size` varchar(255) DEFAULT NULL,
  `video_upload_time` varchar(255) DEFAULT NULL,
  `video_tag` varchar(255) DEFAULT NULL,
  `video_like` int(11) DEFAULT '0',
  `user_id` varchar(255) DEFAULT NULL,
  PRIMARY KEY (`video_id`)
) ENGINE=InnoDB DEFAULT CHARSET=utf8;

#
# Data for table "video_detail"
#

INSERT INTO `video_detail` VALUES ('49204661234','VID20200424130047','来来来','video/VID20200424130047.mp4','00:00:03','15.70MB','2020-04-24 13:06:08','tag1',0,'1234'),('492046612341','VID20200424130047','啦啦啦啦啦','video/VID20200424130047.mp4','00:00:03','15.70MB','2020-04-24 13:31:22','吃喝',0,'1234');
